[
  {
    "Mã": "01",
    "Tên": "Thành phố Hà Nội",
    "Tên Tiếng Anh": "",
    "Cấp": "Thành phố Trung ương"
  },
  {
    "Mã": "02",
    "Tên": "Tỉnh Hà Giang",
    "Tên Tiếng Anh": "",
    "Cấp": "Tỉnh"
  },
  {
    "Mã": "04",
    "Tên": "Tỉnh Cao Bằng",
    "Tên Tiếng Anh": "",
    "Cấp": "Tỉnh"
  },
  {
    "Mã": "06",
    "Tên": "Tỉnh Bắc Kạn",
    "Tên Tiếng Anh": "",
    "Cấp": "Tỉnh"
  },
  {
    "Mã": "08",
    "Tên": "Tỉnh Tuyên Quang",
    "Tên Tiếng Anh": "",
    "Cấp": "Tỉnh"
  },
  {
    "Mã": 10,
    "Tên": "Tỉnh Lào Cai",
    "Tên Tiếng Anh": "",
    "Cấp": "Tỉnh"
  },
  {
    "Mã": 11,
    "Tên": "Tỉnh Điện Biên",
    "Tên Tiếng Anh": "",
    "Cấp": "Tỉnh"
  },
  {
    "Mã": 12,
    "Tên": "Tỉnh Lai Châu",
    "Tên Tiếng Anh": "",
    "Cấp": "Tỉnh"
  },
  {
    "Mã": 14,
    "Tên": "Tỉnh Sơn La",
    "Tên Tiếng Anh": "",
    "Cấp": "Tỉnh"
  },
  {
    "Mã": 15,
    "Tên": "Tỉnh Yên Bái",
    "Tên Tiếng Anh": "",
    "Cấp": "Tỉnh"
  },
  {
    "Mã": 17,
    "Tên": "Tỉnh Hoà Bình",
    "Tên Tiếng Anh": "",
    "Cấp": "Tỉnh"
  },
  {
    "Mã": 19,
    "Tên": "Tỉnh Thái Nguyên",
    "Tên Tiếng Anh": "",
    "Cấp": "Tỉnh"
  },
  {
    "Mã": 20,
    "Tên": "Tỉnh Lạng Sơn",
    "Tên Tiếng Anh": "",
    "Cấp": "Tỉnh"
  },
  {
    "Mã": 22,
    "Tên": "Tỉnh Quảng Ninh",
    "Tên Tiếng Anh": "",
    "Cấp": "Tỉnh"
  },
  {
    "Mã": 24,
    "Tên": "Tỉnh Bắc Giang",
    "Tên Tiếng Anh": "",
    "Cấp": "Tỉnh"
  },
  {
    "Mã": 25,
    "Tên": "Tỉnh Phú Thọ",
    "Tên Tiếng Anh": "",
    "Cấp": "Tỉnh"
  },
  {
    "Mã": 26,
    "Tên": "Tỉnh Vĩnh Phúc",
    "Tên Tiếng Anh": "",
    "Cấp": "Tỉnh"
  },
  {
    "Mã": 27,
    "Tên": "Tỉnh Bắc Ninh",
    "Tên Tiếng Anh": "",
    "Cấp": "Tỉnh"
  },
  {
    "Mã": 30,
    "Tên": "Tỉnh Hải Dương",
    "Tên Tiếng Anh": "",
    "Cấp": "Tỉnh"
  },
  {
    "Mã": 31,
    "Tên": "Thành phố Hải Phòng",
    "Tên Tiếng Anh": "",
    "Cấp": "Thành phố Trung ương"
  },
  {
    "Mã": 33,
    "Tên": "Tỉnh Hưng Yên",
    "Tên Tiếng Anh": "",
    "Cấp": "Tỉnh"
  },
  {
    "Mã": 34,
    "Tên": "Tỉnh Thái Bình",
    "Tên Tiếng Anh": "",
    "Cấp": "Tỉnh"
  },
  {
    "Mã": 35,
    "Tên": "Tỉnh Hà Nam",
    "Tên Tiếng Anh": "",
    "Cấp": "Tỉnh"
  },
  {
    "Mã": 36,
    "Tên": "Tỉnh Nam Định",
    "Tên Tiếng Anh": "",
    "Cấp": "Tỉnh"
  },
  {
    "Mã": 37,
    "Tên": "Tỉnh Ninh Bình",
    "Tên Tiếng Anh": "",
    "Cấp": "Tỉnh"
  },
  {
    "Mã": 38,
    "Tên": "Tỉnh Thanh Hóa",
    "Tên Tiếng Anh": "",
    "Cấp": "Tỉnh"
  },
  {
    "Mã": 40,
    "Tên": "Tỉnh Nghệ An",
    "Tên Tiếng Anh": "",
    "Cấp": "Tỉnh"
  },
  {
    "Mã": 42,
    "Tên": "Tỉnh Hà Tĩnh",
    "Tên Tiếng Anh": "",
    "Cấp": "Tỉnh"
  },
  {
    "Mã": 44,
    "Tên": "Tỉnh Quảng Bình",
    "Tên Tiếng Anh": "",
    "Cấp": "Tỉnh"
  },
  {
    "Mã": 45,
    "Tên": "Tỉnh Quảng Trị",
    "Tên Tiếng Anh": "",
    "Cấp": "Tỉnh"
  },
  {
    "Mã": 46,
    "Tên": "Tỉnh Thừa Thiên Huế",
    "Tên Tiếng Anh": "",
    "Cấp": "Tỉnh"
  },
  {
    "Mã": 48,
    "Tên": "Thành phố Đà Nẵng",
    "Tên Tiếng Anh": "",
    "Cấp": "Thành phố Trung ương"
  },
  {
    "Mã": 49,
    "Tên": "Tỉnh Quảng Nam",
    "Tên Tiếng Anh": "",
    "Cấp": "Tỉnh"
  },
  {
    "Mã": 51,
    "Tên": "Tỉnh Quảng Ngãi",
    "Tên Tiếng Anh": "",
    "Cấp": "Tỉnh"
  },
  {
    "Mã": 52,
    "Tên": "Tỉnh Bình Định",
    "Tên Tiếng Anh": "",
    "Cấp": "Tỉnh"
  },
  {
    "Mã": 54,
    "Tên": "Tỉnh Phú Yên",
    "Tên Tiếng Anh": "",
    "Cấp": "Tỉnh"
  },
  {
    "Mã": 56,
    "Tên": "Tỉnh Khánh Hòa",
    "Tên Tiếng Anh": "",
    "Cấp": "Tỉnh"
  },
  {
    "Mã": 58,
    "Tên": "Tỉnh Ninh Thuận",
    "Tên Tiếng Anh": "",
    "Cấp": "Tỉnh"
  },
  {
    "Mã": 60,
    "Tên": "Tỉnh Bình Thuận",
    "Tên Tiếng Anh": "",
    "Cấp": "Tỉnh"
  },
  {
    "Mã": 62,
    "Tên": "Tỉnh Kon Tum",
    "Tên Tiếng Anh": "",
    "Cấp": "Tỉnh"
  },
  {
    "Mã": 64,
    "Tên": "Tỉnh Gia Lai",
    "Tên Tiếng Anh": "",
    "Cấp": "Tỉnh"
  },
  {
    "Mã": 66,
    "Tên": "Tỉnh Đắk Lắk",
    "Tên Tiếng Anh": "",
    "Cấp": "Tỉnh"
  },
  {
    "Mã": 67,
    "Tên": "Tỉnh Đắk Nông",
    "Tên Tiếng Anh": "",
    "Cấp": "Tỉnh"
  },
  {
    "Mã": 68,
    "Tên": "Tỉnh Lâm Đồng",
    "Tên Tiếng Anh": "",
    "Cấp": "Tỉnh"
  },
  {
    "Mã": 70,
    "Tên": "Tỉnh Bình Phước",
    "Tên Tiếng Anh": "",
    "Cấp": "Tỉnh"
  },
  {
    "Mã": 72,
    "Tên": "Tỉnh Tây Ninh",
    "Tên Tiếng Anh": "",
    "Cấp": "Tỉnh"
  },
  {
    "Mã": 74,
    "Tên": "Tỉnh Bình Dương",
    "Tên Tiếng Anh": "",
    "Cấp": "Tỉnh"
  },
  {
    "Mã": 75,
    "Tên": "Tỉnh Đồng Nai",
    "Tên Tiếng Anh": "",
    "Cấp": "Tỉnh"
  },
  {
    "Mã": 77,
    "Tên": "Tỉnh Bà Rịa - Vũng Tàu",
    "Tên Tiếng Anh": "",
    "Cấp": "Tỉnh"
  },
  {
    "Mã": 79,
    "Tên": "Thành phố Hồ Chí Minh",
    "Tên Tiếng Anh": "",
    "Cấp": "Thành phố Trung ương"
  },
  {
    "Mã": 80,
    "Tên": "Tỉnh Long An",
    "Tên Tiếng Anh": "",
    "Cấp": "Tỉnh"
  },
  {
    "Mã": 82,
    "Tên": "Tỉnh Tiền Giang",
    "Tên Tiếng Anh": "",
    "Cấp": "Tỉnh"
  },
  {
    "Mã": 83,
    "Tên": "Tỉnh Bến Tre",
    "Tên Tiếng Anh": "",
    "Cấp": "Tỉnh"
  },
  {
    "Mã": 84,
    "Tên": "Tỉnh Trà Vinh",
    "Tên Tiếng Anh": "",
    "Cấp": "Tỉnh"
  },
  {
    "Mã": 86,
    "Tên": "Tỉnh Vĩnh Long",
    "Tên Tiếng Anh": "",
    "Cấp": "Tỉnh"
  },
  {
    "Mã": 87,
    "Tên": "Tỉnh Đồng Tháp",
    "Tên Tiếng Anh": "",
    "Cấp": "Tỉnh"
  },
  {
    "Mã": 89,
    "Tên": "Tỉnh An Giang",
    "Tên Tiếng Anh": "",
    "Cấp": "Tỉnh"
  },
  {
    "Mã": 91,
    "Tên": "Tỉnh Kiên Giang",
    "Tên Tiếng Anh": "",
    "Cấp": "Tỉnh"
  },
  {
    "Mã": 92,
    "Tên": "Thành phố Cần Thơ",
    "Tên Tiếng Anh": "",
    "Cấp": "Thành phố Trung ương"
  },
  {
    "Mã": 93,
    "Tên": "Tỉnh Hậu Giang",
    "Tên Tiếng Anh": "",
    "Cấp": "Tỉnh"
  },
  {
    "Mã": 94,
    "Tên": "Tỉnh Sóc Trăng",
    "Tên Tiếng Anh": "",
    "Cấp": "Tỉnh"
  },
  {
    "Mã": 95,
    "Tên": "Tỉnh Bạc Liêu",
    "Tên Tiếng Anh": "",
    "Cấp": "Tỉnh"
  },
  {
    "Mã": 96,
    "Tên": "Tỉnh Cà Mau",
    "Tên Tiếng Anh": "",
    "Cấp": "Tỉnh"
  },
  {
    "Mã": "",
    "Tên": "Số lượng : 63",
    "Tên Tiếng Anh": "",
    "Cấp": ""
  }
]