{
  "10": {
    "Tên": "Tỉnh Lào Cai",
    "Tên Tiếng Anh": "",
    "Cấp": "Tỉnh"
  },
  "11": {
    "Tên": "Tỉnh Điện Biên",
    "Tên Tiếng Anh": "",
    "Cấp": "Tỉnh"
  },
  "12": {
    "Tên": "Tỉnh Lai Châu",
    "Tên Tiếng Anh": "",
    "Cấp": "Tỉnh"
  },
  "14": {
    "Tên": "Tỉnh Sơn La",
    "Tên Tiếng Anh": "",
    "Cấp": "Tỉnh"
  },
  "15": {
    "Tên": "Tỉnh Yên Bái",
    "Tên Tiếng Anh": "",
    "Cấp": "Tỉnh"
  },
  "17": {
    "Tên": "Tỉnh Hoà Bình",
    "Tên Tiếng Anh": "",
    "Cấp": "Tỉnh"
  },
  "19": {
    "Tên": "Tỉnh Thái Nguyên",
    "Tên Tiếng Anh": "",
    "Cấp": "Tỉnh"
  },
  "20": {
    "Tên": "Tỉnh Lạng Sơn",
    "Tên Tiếng Anh": "",
    "Cấp": "Tỉnh"
  },
  "22": {
    "Tên": "Tỉnh Quảng Ninh",
    "Tên Tiếng Anh": "",
    "Cấp": "Tỉnh"
  },
  "24": {
    "Tên": "Tỉnh Bắc Giang",
    "Tên Tiếng Anh": "",
    "Cấp": "Tỉnh"
  },
  "25": {
    "Tên": "Tỉnh Phú Thọ",
    "Tên Tiếng Anh": "",
    "Cấp": "Tỉnh"
  },
  "26": {
    "Tên": "Tỉnh Vĩnh Phúc",
    "Tên Tiếng Anh": "",
    "Cấp": "Tỉnh"
  },
  "27": {
    "Tên": "Tỉnh Bắc Ninh",
    "Tên Tiếng Anh": "",
    "Cấp": "Tỉnh"
  },
  "30": {
    "Tên": "Tỉnh Hải Dương",
    "Tên Tiếng Anh": "",
    "Cấp": "Tỉnh"
  },
  "31": {
    "Tên": "Thành phố Hải Phòng",
    "Tên Tiếng Anh": "",
    "Cấp": "Thành phố Trung ương"
  },
  "33": {
    "Tên": "Tỉnh Hưng Yên",
    "Tên Tiếng Anh": "",
    "Cấp": "Tỉnh"
  },
  "34": {
    "Tên": "Tỉnh Thái Bình",
    "Tên Tiếng Anh": "",
    "Cấp": "Tỉnh"
  },
  "35": {
    "Tên": "Tỉnh Hà Nam",
    "Tên Tiếng Anh": "",
    "Cấp": "Tỉnh"
  },
  "36": {
    "Tên": "Tỉnh Nam Định",
    "Tên Tiếng Anh": "",
    "Cấp": "Tỉnh"
  },
  "37": {
    "Tên": "Tỉnh Ninh Bình",
    "Tên Tiếng Anh": "",
    "Cấp": "Tỉnh"
  },
  "38": {
    "Tên": "Tỉnh Thanh Hóa",
    "Tên Tiếng Anh": "",
    "Cấp": "Tỉnh"
  },
  "40": {
    "Tên": "Tỉnh Nghệ An",
    "Tên Tiếng Anh": "",
    "Cấp": "Tỉnh"
  },
  "42": {
    "Tên": "Tỉnh Hà Tĩnh",
    "Tên Tiếng Anh": "",
    "Cấp": "Tỉnh"
  },
  "44": {
    "Tên": "Tỉnh Quảng Bình",
    "Tên Tiếng Anh": "",
    "Cấp": "Tỉnh"
  },
  "45": {
    "Tên": "Tỉnh Quảng Trị",
    "Tên Tiếng Anh": "",
    "Cấp": "Tỉnh"
  },
  "46": {
    "Tên": "Tỉnh Thừa Thiên Huế",
    "Tên Tiếng Anh": "",
    "Cấp": "Tỉnh"
  },
  "48": {
    "Tên": "Thành phố Đà Nẵng",
    "Tên Tiếng Anh": "",
    "Cấp": "Thành phố Trung ương"
  },
  "49": {
    "Tên": "Tỉnh Quảng Nam",
    "Tên Tiếng Anh": "",
    "Cấp": "Tỉnh"
  },
  "51": {
    "Tên": "Tỉnh Quảng Ngãi",
    "Tên Tiếng Anh": "",
    "Cấp": "Tỉnh"
  },
  "52": {
    "Tên": "Tỉnh Bình Định",
    "Tên Tiếng Anh": "",
    "Cấp": "Tỉnh"
  },
  "54": {
    "Tên": "Tỉnh Phú Yên",
    "Tên Tiếng Anh": "",
    "Cấp": "Tỉnh"
  },
  "56": {
    "Tên": "Tỉnh Khánh Hòa",
    "Tên Tiếng Anh": "",
    "Cấp": "Tỉnh"
  },
  "58": {
    "Tên": "Tỉnh Ninh Thuận",
    "Tên Tiếng Anh": "",
    "Cấp": "Tỉnh"
  },
  "60": {
    "Tên": "Tỉnh Bình Thuận",
    "Tên Tiếng Anh": "",
    "Cấp": "Tỉnh"
  },
  "62": {
    "Tên": "Tỉnh Kon Tum",
    "Tên Tiếng Anh": "",
    "Cấp": "Tỉnh"
  },
  "64": {
    "Tên": "Tỉnh Gia Lai",
    "Tên Tiếng Anh": "",
    "Cấp": "Tỉnh"
  },
  "66": {
    "Tên": "Tỉnh Đắk Lắk",
    "Tên Tiếng Anh": "",
    "Cấp": "Tỉnh"
  },
  "67": {
    "Tên": "Tỉnh Đắk Nông",
    "Tên Tiếng Anh": "",
    "Cấp": "Tỉnh"
  },
  "68": {
    "Tên": "Tỉnh Lâm Đồng",
    "Tên Tiếng Anh": "",
    "Cấp": "Tỉnh"
  },
  "70": {
    "Tên": "Tỉnh Bình Phước",
    "Tên Tiếng Anh": "",
    "Cấp": "Tỉnh"
  },
  "72": {
    "Tên": "Tỉnh Tây Ninh",
    "Tên Tiếng Anh": "",
    "Cấp": "Tỉnh"
  },
  "74": {
    "Tên": "Tỉnh Bình Dương",
    "Tên Tiếng Anh": "",
    "Cấp": "Tỉnh"
  },
  "75": {
    "Tên": "Tỉnh Đồng Nai",
    "Tên Tiếng Anh": "",
    "Cấp": "Tỉnh"
  },
  "77": {
    "Tên": "Tỉnh Bà Rịa - Vũng Tàu",
    "Tên Tiếng Anh": "",
    "Cấp": "Tỉnh"
  },
  "79": {
    "Tên": "Thành phố Hồ Chí Minh",
    "Tên Tiếng Anh": "",
    "Cấp": "Thành phố Trung ương"
  },
  "80": {
    "Tên": "Tỉnh Long An",
    "Tên Tiếng Anh": "",
    "Cấp": "Tỉnh"
  },
  "82": {
    "Tên": "Tỉnh Tiền Giang",
    "Tên Tiếng Anh": "",
    "Cấp": "Tỉnh"
  },
  "83": {
    "Tên": "Tỉnh Bến Tre",
    "Tên Tiếng Anh": "",
    "Cấp": "Tỉnh"
  },
  "84": {
    "Tên": "Tỉnh Trà Vinh",
    "Tên Tiếng Anh": "",
    "Cấp": "Tỉnh"
  },
  "86": {
    "Tên": "Tỉnh Vĩnh Long",
    "Tên Tiếng Anh": "",
    "Cấp": "Tỉnh"
  },
  "87": {
    "Tên": "Tỉnh Đồng Tháp",
    "Tên Tiếng Anh": "",
    "Cấp": "Tỉnh"
  },
  "89": {
    "Tên": "Tỉnh An Giang",
    "Tên Tiếng Anh": "",
    "Cấp": "Tỉnh"
  },
  "91": {
    "Tên": "Tỉnh Kiên Giang",
    "Tên Tiếng Anh": "",
    "Cấp": "Tỉnh"
  },
  "92": {
    "Tên": "Thành phố Cần Thơ",
    "Tên Tiếng Anh": "",
    "Cấp": "Thành phố Trung ương"
  },
  "93": {
    "Tên": "Tỉnh Hậu Giang",
    "Tên Tiếng Anh": "",
    "Cấp": "Tỉnh"
  },
  "94": {
    "Tên": "Tỉnh Sóc Trăng",
    "Tên Tiếng Anh": "",
    "Cấp": "Tỉnh"
  },
  "95": {
    "Tên": "Tỉnh Bạc Liêu",
    "Tên Tiếng Anh": "",
    "Cấp": "Tỉnh"
  },
  "96": {
    "Tên": "Tỉnh Cà Mau",
    "Tên Tiếng Anh": "",
    "Cấp": "Tỉnh"
  },
  "01": {
    "Tên": "Thành phố Hà Nội",
    "Tên Tiếng Anh": "",
    "Cấp": "Thành phố Trung ương"
  },
  "02": {
    "Tên": "Tỉnh Hà Giang",
    "Tên Tiếng Anh": "",
    "Cấp": "Tỉnh"
  },
  "04": {
    "Tên": "Tỉnh Cao Bằng",
    "Tên Tiếng Anh": "",
    "Cấp": "Tỉnh"
  },
  "06": {
    "Tên": "Tỉnh Bắc Kạn",
    "Tên Tiếng Anh": "",
    "Cấp": "Tỉnh"
  },
  "08": {
    "Tên": "Tỉnh Tuyên Quang",
    "Tên Tiếng Anh": "",
    "Cấp": "Tỉnh"
  },
  "": {
    "Tên": "Số lượng : 63",
    "Tên Tiếng Anh": "",
    "Cấp": ""
  }
}